epoch,accuracy,loss
0,0.864133358001709,0.5154917240142822
1,0.9019666910171509,0.3506735861301422
2,0.9087666869163513,0.32546266913414
3,0.912933349609375,0.3112192153930664
4,0.9150833487510681,0.30258065462112427
5,0.9173499941825867,0.2964959740638733
6,0.9193166494369507,0.2913159728050232
7,0.9194666743278503,0.2872826159000397
8,0.9211666584014893,0.2843277156352997
9,0.921916663646698,0.2814182937145233
10,0.9231333136558533,0.2789749801158905
11,0.9233166575431824,0.2766212821006775
12,0.92371666431427,0.27496469020843506
13,0.9247666597366333,0.2732278108596802
14,0.9249833226203918,0.27164676785469055
15,0.9253333210945129,0.27040448784828186
16,0.9262499809265137,0.2691032886505127
17,0.9260500073432922,0.2680041193962097
18,0.9265666604042053,0.2667841613292694
19,0.9265333414077759,0.2657822370529175
20,0.927383303642273,0.26476797461509705
21,0.9271666407585144,0.2638415992259979
22,0.9275000095367432,0.2630588412284851
23,0.9278333187103271,0.26232919096946716
24,0.9275166392326355,0.2615783214569092
25,0.9283333420753479,0.2609461843967438
26,0.9285833239555359,0.26029449701309204
27,0.9288833141326904,0.2595551609992981
28,0.9286500215530396,0.25885459780693054
29,0.9289833307266235,0.25823596119880676
30,0.9294333457946777,0.2578268051147461
31,0.9290333390235901,0.2571314871311188
32,0.9291666746139526,0.25679290294647217
33,0.9295166730880737,0.2560666501522064
34,0.9302666783332825,0.2556006908416748
35,0.9298166632652283,0.2552253007888794
36,0.9298333525657654,0.2548922300338745
37,0.930233359336853,0.25459569692611694
38,0.9302166700363159,0.25394392013549805
39,0.9306333065032959,0.2535686492919922
40,0.9301999807357788,0.2530462443828583
41,0.9302666783332825,0.25297385454177856
42,0.930483341217041,0.2525825500488281
43,0.9306666851043701,0.25223037600517273
44,0.9307166934013367,0.2516678273677826
45,0.9305999875068665,0.2514480650424957
46,0.9312999844551086,0.2509073317050934
47,0.9315166473388672,0.25078725814819336
48,0.9312499761581421,0.2506190538406372
49,0.9312000274658203,0.2502506375312805
50,0.9314333200454712,0.25003400444984436
51,0.9320666790008545,0.24962274730205536
52,0.9319166541099548,0.2494419813156128
53,0.9317333102226257,0.2491256147623062
54,0.9318666458129883,0.24888436496257782
55,0.9318666458129883,0.24854697287082672
56,0.9318666458129883,0.24825267493724823
57,0.9315500259399414,0.24806533753871918
58,0.9321833252906799,0.24780431389808655
59,0.9319333434104919,0.24758869409561157
60,0.9320999979972839,0.24742579460144043
61,0.9322333335876465,0.24709145724773407
62,0.9324833154678345,0.24704459309577942
63,0.9324166774749756,0.2468949258327484
64,0.9322166442871094,0.24641939997673035
65,0.9328666925430298,0.24614733457565308
66,0.932699978351593,0.24595347046852112
67,0.9325500130653381,0.2458048164844513
68,0.9325500130653381,0.2455146610736847
69,0.9326833486557007,0.24538637697696686
70,0.9329833388328552,0.24516025185585022
71,0.9328500032424927,0.24515488743782043
72,0.9328333139419556,0.24492168426513672
73,0.9330000281333923,0.2446666657924652
74,0.9331833124160767,0.24462538957595825
75,0.9329500198364258,0.2443314492702484
76,0.9330000281333923,0.24424618482589722
77,0.9333833456039429,0.24401739239692688
78,0.9332666397094727,0.2438291311264038
79,0.9329000115394592,0.24370793998241425
80,0.933483362197876,0.24343371391296387
81,0.9335166811943054,0.24345923960208893
82,0.9331833124160767,0.2431802600622177
83,0.9333500266075134,0.24310852587223053
84,0.9334666728973389,0.2429417222738266
85,0.9332500100135803,0.24283891916275024
86,0.9337666630744934,0.2424810528755188
87,0.9331666827201843,0.24253922700881958
88,0.9335833191871643,0.24231399595737457
89,0.9341833591461182,0.24211299419403076
90,0.9335833191871643,0.24195070564746857
91,0.9336166381835938,0.24189913272857666
92,0.9335166811943054,0.24169497191905975
93,0.933566689491272,0.24164417386054993
94,0.933566689491272,0.241524338722229
95,0.9337666630744934,0.24135036766529083
96,0.9336166381835938,0.24111516773700714
97,0.9342833161354065,0.24104999005794525
98,0.9336166381835938,0.24097996950149536
99,0.9336666464805603,0.24082502722740173
100,0.934149980545044,0.2406444549560547
101,0.934333324432373,0.24058344960212708
102,0.933650016784668,0.24049749970436096
103,0.9337833523750305,0.24032337963581085
104,0.934066653251648,0.24037900567054749
105,0.9343833327293396,0.24006065726280212
106,0.9341833591461182,0.23996120691299438
107,0.9337499737739563,0.2398752123117447
108,0.9342666864395142,0.23965825140476227
109,0.933983325958252,0.23966412246227264
110,0.9339666962623596,0.2395222932100296
111,0.9341166615486145,0.23932965099811554
112,0.934166669845581,0.23939117789268494
113,0.9343833327293396,0.23919855058193207
114,0.9348999857902527,0.23910769820213318
115,0.934416651725769,0.23894265294075012
116,0.9343500137329102,0.23898427188396454
117,0.9347166419029236,0.23886136710643768
118,0.9345333576202393,0.23874637484550476
119,0.9346333146095276,0.23848983645439148
120,0.9345333576202393,0.23849257826805115
121,0.9348000288009644,0.23840682208538055
122,0.9349333047866821,0.23828332126140594
123,0.9344833493232727,0.23832789063453674
124,0.9347333312034607,0.23812459409236908
125,0.9345333576202393,0.23803676664829254
126,0.9347833395004272,0.237893745303154
127,0.9347500205039978,0.2378225326538086
128,0.9346500039100647,0.23774267733097076
129,0.9343500137329102,0.23771017789840698
130,0.934583306312561,0.2376788705587387
131,0.9346166849136353,0.2375168353319168
132,0.9348999857902527,0.23735696077346802
133,0.9344833493232727,0.23741233348846436
134,0.9352999925613403,0.2372267246246338
135,0.9348333477973938,0.2371978908777237
136,0.9350333213806152,0.2370750904083252
137,0.9351666569709778,0.2367960661649704
138,0.9350833296775818,0.2369653284549713
139,0.935366690158844,0.23680372536182404
140,0.9353166818618774,0.23662205040454865
141,0.9351833462715149,0.2367536723613739
142,0.9352499842643738,0.23660284280776978
143,0.9349333047866821,0.236474871635437
144,0.9349499940872192,0.236453115940094
145,0.9351000189781189,0.23640163242816925
146,0.9351999759674072,0.2362034171819687
147,0.935366690158844,0.23612885177135468
148,0.93586665391922,0.2360779345035553
149,0.9352166652679443,0.23599976301193237
150,0.9354000091552734,0.23614747822284698
151,0.9352499842643738,0.23595792055130005
152,0.935533344745636,0.23592501878738403
153,0.9352333545684814,0.23585379123687744
154,0.9355166554450989,0.23571814596652985
155,0.9354166388511658,0.23561930656433105
156,0.9358999729156494,0.23558524250984192
157,0.9352333545684814,0.23559153079986572
158,0.9352666735649109,0.23533183336257935
159,0.9351333379745483,0.2353782057762146
160,0.9355666637420654,0.2352922409772873
161,0.9358333349227905,0.2352420538663864
162,0.9354166388511658,0.23510584235191345
163,0.9356666803359985,0.23501121997833252
164,0.9356499910354614,0.23504476249217987
165,0.9356333613395691,0.23504987359046936
166,0.9358166456222534,0.23494595289230347
167,0.9355499744415283,0.23468826711177826
168,0.9354833364486694,0.23467876017093658
169,0.9357166886329651,0.23474913835525513
170,0.9353833198547363,0.23468075692653656
171,0.9353166818618774,0.23460103571414948
172,0.9355833530426025,0.23441582918167114
173,0.9355166554450989,0.23439836502075195
174,0.9359166622161865,0.23439858853816986
175,0.9354666471481323,0.23432758450508118
176,0.9358833432197571,0.23421771824359894
177,0.9356833100318909,0.23419442772865295
178,0.9359333515167236,0.2341732680797577
179,0.93586665391922,0.2339080274105072
180,0.9361666440963745,0.23407845199108124
181,0.935949981212616,0.23396551609039307
182,0.9358333349227905,0.23385778069496155
183,0.9355999827384949,0.23375597596168518
184,0.9359666705131531,0.23380568623542786
185,0.9357333183288574,0.2337215542793274
186,0.935783326625824,0.23366710543632507
187,0.9361833333969116,0.2336832880973816
188,0.935949981212616,0.23367738723754883
189,0.9361000061035156,0.2334577739238739
190,0.9361666440963745,0.2333405464887619
191,0.9358833432197571,0.23334243893623352
192,0.9361000061035156,0.2332388311624527
193,0.9361000061035156,0.23316580057144165
194,0.9359666705131531,0.23313747346401215
195,0.9362499713897705,0.233219176530838
196,0.9360499978065491,0.2330670952796936
197,0.9358833432197571,0.23309214413166046
198,0.9362499713897705,0.23303374648094177
199,0.9361666440963745,0.2329184114933014
200,0.93586665391922,0.2329178750514984
201,0.9359666705131531,0.23291048407554626
202,0.9364333152770996,0.23271717131137848
203,0.9361833333969116,0.2327151745557785
204,0.9362999796867371,0.23263902962207794
205,0.9365500211715698,0.2326151430606842
206,0.9362833499908447,0.23262716829776764
207,0.9365666508674622,0.23248931765556335
208,0.9359166622161865,0.2323811948299408
209,0.9361666440963745,0.23242129385471344
210,0.9360499978065491,0.23234860599040985
211,0.9366666674613953,0.23225358128547668
212,0.9362333416938782,0.23230408132076263
213,0.9363999962806702,0.23225891590118408
214,0.9366000294685364,0.2321818619966507
215,0.9364833235740662,0.23208166658878326
216,0.9361000061035156,0.23204782605171204
217,0.9363499879837036,0.23209719359874725
218,0.9364333152770996,0.231930211186409
219,0.9364166855812073,0.23195025324821472
220,0.9365333318710327,0.23182253539562225
221,0.9361166954040527,0.23189158737659454
222,0.9365166425704956,0.23178032040596008
223,0.9363999962806702,0.2317364513874054
224,0.9365166425704956,0.23164400458335876
225,0.9365000128746033,0.23163029551506042
226,0.9369500279426575,0.23162584006786346
227,0.9365333318710327,0.23162834346294403
228,0.9365000128746033,0.23154321312904358
229,0.9364166855812073,0.2314520925283432
230,0.9370499849319458,0.2313360571861267
231,0.9366499781608582,0.23140327632427216
232,0.9367166757583618,0.23141634464263916
233,0.9365833401679993,0.23121635615825653
234,0.9366833567619324,0.23132216930389404
235,0.9369166493415833,0.23133642971515656
236,0.9367833137512207,0.23117569088935852
237,0.9366999864578247,0.23115858435630798
238,0.9370833039283752,0.23117871582508087
239,0.9366999864578247,0.23106615245342255
240,0.9366666674613953,0.2310146540403366
241,0.9369500279426575,0.2309991717338562
242,0.9369666576385498,0.2309156060218811
243,0.9369666576385498,0.230680450797081
244,0.9365833401679993,0.23092514276504517
245,0.9368666410446167,0.23072490096092224
246,0.9372333288192749,0.23070411384105682
247,0.9366000294685364,0.23069722950458527
248,0.9366833567619324,0.23060299456119537
249,0.9367666840553284,0.23065920174121857
250,0.9369333386421204,0.23062844574451447
251,0.9370333552360535,0.23059265315532684
252,0.9370999932289124,0.230551615357399
253,0.9368833303451538,0.230423241853714
254,0.9370666742324829,0.2305067479610443
255,0.9369500279426575,0.23054206371307373
256,0.9368333220481873,0.2303016632795334
257,0.9371500015258789,0.23042619228363037
258,0.9369999766349792,0.2302977442741394
259,0.9369666576385498,0.23022815585136414
260,0.9367166757583618,0.23024588823318481
261,0.9370333552360535,0.230239599943161
262,0.9369000196456909,0.23007090389728546
263,0.9372166395187378,0.23006010055541992
264,0.937166690826416,0.23008675873279572
265,0.9370999932289124,0.22992439568042755
266,0.9369666576385498,0.22993068397045135
267,0.9375666379928589,0.23001761734485626
268,0.9371166825294495,0.22989580035209656
269,0.9370166659355164,0.229959174990654
270,0.9371500015258789,0.22981907427310944
271,0.9374333620071411,0.2299051731824875
272,0.9369166493415833,0.22976911067962646
273,0.9369333386421204,0.22965750098228455
274,0.9370499849319458,0.2297762930393219
275,0.937166690826416,0.2297051101922989
276,0.9369500279426575,0.22964975237846375
277,0.9375333189964294,0.2295500487089157
278,0.9371166825294495,0.22950957715511322
279,0.9372666478157043,0.2296420931816101
280,0.9372666478157043,0.22946181893348694
281,0.9373833537101746,0.22943410277366638
282,0.9369833469390869,0.22937658429145813
283,0.9372333288192749,0.22949199378490448
284,0.9371333122253418,0.22938665747642517
285,0.9371333122253418,0.2294602245092392
286,0.937166690826416,0.22937360405921936
287,0.9373999834060669,0.22928114235401154
288,0.9370166659355164,0.22922994196414948
289,0.9370833039283752,0.22932371497154236
290,0.9373999834060669,0.22910712659358978
291,0.9375666379928589,0.2290489226579666
292,0.9375666379928589,0.2291511446237564
293,0.9371833205223083,0.22908048331737518
294,0.9373000264167786,0.22900019586086273
295,0.937583327293396,0.22905386984348297
296,0.9374333620071411,0.22888235747814178
297,0.9371166825294495,0.22893963754177094
298,0.9372166395187378,0.22891627252101898
299,0.9375166893005371,0.22885726392269135
300,0.9377166628837585,0.22882995009422302
301,0.937333345413208,0.22884824872016907
302,0.937666654586792,0.22881513833999634
303,0.9375500082969666,0.2287631779909134
304,0.9375,0.2287280261516571
305,0.937583327293396,0.22863444685935974
306,0.9375500082969666,0.2285539209842682
307,0.9373833537101746,0.22867073118686676
308,0.937416672706604,0.2286330610513687
309,0.9375333189964294,0.22863170504570007
310,0.9378499984741211,0.22849228978157043
311,0.9377833604812622,0.2285144329071045
312,0.9372666478157043,0.2284386157989502
313,0.937250018119812,0.22843851149082184
314,0.9375166893005371,0.22844529151916504
315,0.9375,0.22839175164699554
316,0.9380499720573425,0.22833846509456635
317,0.9376333355903625,0.22840794920921326
318,0.9377166628837585,0.2282954603433609
319,0.937333345413208,0.22826018929481506
320,0.9373833537101746,0.22826077044010162
321,0.9373666644096375,0.2282005399465561
322,0.9373166561126709,0.2282390296459198
323,0.9375166893005371,0.22812701761722565
324,0.9376999735832214,0.22807534039020538
325,0.9376166462898254,0.22811061143875122
326,0.9379500150680542,0.22812658548355103
327,0.9375666379928589,0.22805525362491608
328,0.9381166696548462,0.22799314558506012
329,0.9377666711807251,0.22799330949783325
330,0.9376833438873291,0.2279529571533203
331,0.9379166960716248,0.22797144949436188
332,0.9377333521842957,0.22791601717472076
333,0.9376833438873291,0.2279077023267746
334,0.9377666711807251,0.22788503766059875
335,0.9377333521842957,0.22787673771381378
336,0.9375166893005371,0.22778955101966858
337,0.9375500082969666,0.22773031890392303
338,0.9377333521842957,0.2278173863887787
339,0.9380166530609131,0.22776460647583008
340,0.9376833438873291,0.22775022685527802
341,0.9376500248908997,0.2276402860879898
342,0.9377666711807251,0.227553591132164
343,0.9377333521842957,0.22763776779174805
344,0.937833309173584,0.2275773286819458
345,0.9379000067710876,0.22759857773780823
346,0.9378499984741211,0.22754305601119995
347,0.9379166960716248,0.22751806676387787
348,0.937833309173584,0.22749479115009308
349,0.9380666613578796,0.22746242582798004
350,0.9379500150680542,0.22742927074432373
351,0.9380499720573425,0.22734707593917847
352,0.9378833174705505,0.22718589007854462
353,0.9383000135421753,0.2273443341255188
354,0.9381499886512756,0.22732873260974884
355,0.9378833174705505,0.227247416973114
356,0.937583327293396,0.22722254693508148
357,0.9381833076477051,0.22723637521266937
358,0.9378833174705505,0.2271251231431961
359,0.9378166794776917,0.22716070711612701
360,0.937833309173584,0.2270788848400116
361,0.9377666711807251,0.22718806564807892
362,0.9382166862487793,0.22713106870651245
363,0.9380499720573425,0.22708776593208313
364,0.9380833506584167,0.22702959179878235
365,0.937666654586792,0.22705452144145966
366,0.9379166960716248,0.22697760164737701
367,0.937833309173584,0.22698402404785156
368,0.9380166530609131,0.22697848081588745
369,0.9380999803543091,0.22699642181396484
370,0.9377999901771545,0.22689494490623474
371,0.9379666447639465,0.22691620886325836
372,0.9381833076477051,0.22681640088558197
373,0.937833309173584,0.22684834897518158
374,0.9380499720573425,0.22677481174468994
375,0.9384833574295044,0.22679302096366882
376,0.9377833604812622,0.22681359946727753
377,0.9382833242416382,0.22663845121860504
378,0.9380000233650208,0.22676223516464233
379,0.9380833506584167,0.22674039006233215
380,0.9379833340644836,0.22676707804203033
381,0.9381833076477051,0.22661083936691284
382,0.9379333257675171,0.22662201523780823
383,0.9380499720573425,0.2266373634338379
384,0.9380833506584167,0.22660599648952484
385,0.9377666711807251,0.22654813528060913
386,0.9380833506584167,0.22651027143001556
387,0.9381666779518127,0.226502925157547
388,0.9378499984741211,0.22650392353534698
389,0.9382333159446716,0.22644639015197754
390,0.9383166432380676,0.22637151181697845
391,0.9378666877746582,0.22628211975097656
392,0.9381166696548462,0.2263418287038803
393,0.9382833242416382,0.22640255093574524
394,0.9382333159446716,0.22630487382411957
395,0.9379833340644836,0.2263619750738144
396,0.9381999969482422,0.22625841200351715
397,0.9381333589553833,0.22633574903011322
398,0.9384999871253967,0.22623343765735626
399,0.9380999803543091,0.22621527314186096
400,0.9381333589553833,0.22615256905555725
401,0.9384666681289673,0.22613707184791565
402,0.9381833076477051,0.22619053721427917
403,0.9382166862487793,0.22621934115886688
404,0.9380999803543091,0.22615623474121094
405,0.9383000135421753,0.22604140639305115
406,0.9383833408355713,0.22613944113254547
407,0.9381999969482422,0.22614653408527374
408,0.9384166598320007,0.22610493004322052
409,0.9385333061218262,0.2260132133960724
410,0.9380999803543091,0.22598855197429657
411,0.9381333589553833,0.22600257396697998
412,0.9385666847229004,0.22597560286521912
413,0.9382666945457458,0.22599613666534424
414,0.9381166696548462,0.22597630321979523
415,0.9384166598320007,0.22587700188159943
416,0.9381999969482422,0.2258586585521698
417,0.9383333325386047,0.22578661143779755
418,0.9384666681289673,0.22586874663829803
419,0.9383166432380676,0.22573181986808777
420,0.9383999705314636,0.2257390171289444
421,0.9384166598320007,0.22582289576530457
422,0.9385666847229004,0.22570136189460754
423,0.9379333257675171,0.22571831941604614
424,0.9383166432380676,0.22578488290309906
425,0.9381999969482422,0.22566652297973633
426,0.9382166862487793,0.22572572529315948
427,0.9384999871253967,0.22556376457214355
428,0.9382500052452087,0.22567778825759888
429,0.9384166598320007,0.22557254135608673
430,0.9386333227157593,0.22557057440280914
431,0.9382833242416382,0.22552601993083954
432,0.9382833242416382,0.2254646122455597
433,0.9383166432380676,0.22548823058605194
434,0.9384166598320007,0.22549186646938324
435,0.9382833242416382,0.2255415916442871
436,0.9384166598320007,0.22548754513263702
437,0.9383833408355713,0.2254805564880371
438,0.9382166862487793,0.2253757268190384
439,0.9383500218391418,0.2254377156496048
440,0.9380833506584167,0.22537173330783844
441,0.9384666681289673,0.22534236311912537
442,0.9384666681289673,0.2253885120153427
443,0.9383000135421753,0.22529089450836182
444,0.9380999803543091,0.2253282368183136
445,0.9384499788284302,0.22531196475028992
446,0.9382500052452087,0.22530758380889893
447,0.9383000135421753,0.225211501121521
448,0.9383999705314636,0.2252453714609146
449,0.9386333227157593,0.22518731653690338
450,0.9381999969482422,0.2250836193561554
451,0.9383999705314636,0.2252250760793686
452,0.9387500286102295,0.22516173124313354
453,0.9385499954223633,0.22519497573375702
454,0.9387000203132629,0.2251274287700653
455,0.9385166764259338,0.22501099109649658
456,0.9385333061218262,0.2250499278306961
457,0.9386000037193298,0.22502607107162476
458,0.9384333491325378,0.22505775094032288
459,0.9383999705314636,0.22512438893318176
460,0.9385666847229004,0.22494389116764069
461,0.9384333491325378,0.22501640021800995
462,0.9384166598320007,0.22498293220996857
463,0.9387666583061218,0.22500959038734436
464,0.9384666681289673,0.22497057914733887
465,0.9383500218391418,0.22489356994628906
466,0.9384166598320007,0.22477556765079498
467,0.9383000135421753,0.22488543391227722
468,0.9387166500091553,0.22485679388046265
469,0.938966691493988,0.22483842074871063
470,0.9383833408355713,0.2248305231332779
471,0.9384166598320007,0.22475960850715637
472,0.9383166432380676,0.22476959228515625
473,0.9385666847229004,0.224762424826622
474,0.9387333393096924,0.22476978600025177
475,0.9384333491325378,0.22469954192638397
476,0.9381333589553833,0.224747896194458
477,0.9383166432380676,0.2247670441865921
478,0.9384666681289673,0.22471415996551514
479,0.9384999871253967,0.2246970534324646
480,0.9384166598320007,0.22466561198234558
481,0.9383666515350342,0.22459150850772858
482,0.9383999705314636,0.22460409998893738
483,0.9385333061218262,0.22456064820289612
484,0.9383500218391418,0.22460372745990753
485,0.9386333227157593,0.22461648285388947
486,0.9386333227157593,0.2244834452867508
487,0.9384166598320007,0.22457443177700043
488,0.9387999773025513,0.2244238555431366
489,0.9387000203132629,0.22449995577335358
490,0.9384999871253967,0.2244565337896347
491,0.9386166930198669,0.22443793714046478
492,0.9385833144187927,0.2242199182510376
493,0.9385333061218262,0.22442415356636047
494,0.9388166666030884,0.22445115447044373
495,0.9387333393096924,0.22430512309074402
496,0.9384166598320007,0.22433997690677643
497,0.9385666847229004,0.22437816858291626
498,0.9387666583061218,0.22438694536685944
499,0.9384333491325378,0.2243053913116455
500,0.9385666847229004,0.22425483167171478
501,0.9389333128929138,0.22434893250465393
502,0.9387000203132629,0.22421836853027344
503,0.9387000203132629,0.22425967454910278
504,0.9384833574295044,0.22417397797107697
505,0.9390833377838135,0.22422687709331512
506,0.9386666417121887,0.2241627424955368
507,0.9386333227157593,0.2241668552160263
508,0.9387333393096924,0.22417601943016052
509,0.9386166930198669,0.22411824762821198
510,0.9389833211898804,0.2241109162569046
511,0.9384499788284302,0.22414521872997284
512,0.9387999773025513,0.2241140455007553
513,0.9387000203132629,0.2240995168685913
514,0.9387833476066589,0.22401437163352966
515,0.9387000203132629,0.22410699725151062
516,0.9385499954223633,0.2240685224533081
517,0.9388499855995178,0.22400149703025818
518,0.9388499855995178,0.2240474969148636
519,0.9386833310127258,0.22399114072322845
520,0.9388666749000549,0.223874032497406
521,0.938966691493988,0.22401054203510284
522,0.9387666583061218,0.2239660769701004
523,0.9385666847229004,0.22384586930274963
524,0.9388999938964844,0.2239818125963211
525,0.9387833476066589,0.22393059730529785
526,0.9389333128929138,0.223882794380188
527,0.9387500286102295,0.22387826442718506
528,0.9386666417121887,0.22384333610534668
529,0.9389166831970215,0.22380031645298004
530,0.9387000203132629,0.22378210723400116
531,0.9388166666030884,0.22382833063602448
532,0.9388333559036255,0.22373101115226746
533,0.9390000104904175,0.22375531494617462
534,0.9388166666030884,0.22374452650547028
535,0.9385666847229004,0.22374990582466125
536,0.9385333061218262,0.2236950546503067
537,0.9384333491325378,0.22371365129947662
538,0.9389333128929138,0.22365634143352509
539,0.9386333227157593,0.22371958196163177
540,0.9390833377838135,0.2236507534980774
541,0.9388833045959473,0.22352227568626404
542,0.9383333325386047,0.22361533343791962
543,0.939050018787384,0.2235959768295288
544,0.9385166764259338,0.22361542284488678
545,0.9387166500091553,0.22359465062618256
546,0.9388666749000549,0.22355081140995026
547,0.9386000037193298,0.2235090136528015
548,0.9388499855995178,0.22356951236724854
549,0.9393166899681091,0.22348332405090332
550,0.9388999938964844,0.2235070914030075
551,0.9386833310127258,0.22344264388084412
552,0.9384166598320007,0.2234455794095993
553,0.9386166930198669,0.22350241243839264
554,0.9386833310127258,0.2234751433134079
555,0.9388166666030884,0.2234451323747635
556,0.9388833045959473,0.22338920831680298
557,0.9390166401863098,0.22338512539863586
558,0.9387500286102295,0.22335422039031982
559,0.9386833310127258,0.22333362698554993
560,0.9390166401863098,0.22334350645542145
561,0.938966691493988,0.22327958047389984
562,0.9387333393096924,0.22333790361881256
563,0.9390166401863098,0.22334493696689606
564,0.93913334608078,0.22328439354896545
565,0.9385833144187927,0.22327840328216553
566,0.9392333626747131,0.22327746450901031
567,0.9390833377838135,0.22324508428573608
568,0.9388666749000549,0.22327741980552673
569,0.9387500286102295,0.22321175038814545
570,0.9388499855995178,0.2232283353805542
571,0.9387333393096924,0.2231644093990326
572,0.9389333128929138,0.22319921851158142
573,0.938966691493988,0.22320890426635742
574,0.9386000037193298,0.2231740951538086
575,0.9387166500091553,0.22316071391105652
576,0.9387500286102295,0.22300328314304352
577,0.9386500120162964,0.22312316298484802
578,0.9391000270843506,0.22311337292194366
579,0.9389166831970215,0.22307729721069336
580,0.9389500021934509,0.22310569882392883
581,0.9388499855995178,0.22308669984340668
582,0.9388499855995178,0.223067045211792
583,0.9387000203132629,0.2229587435722351
584,0.9388833045959473,0.22294588387012482
585,0.9386333227157593,0.22302906215190887
586,0.9390333294868469,0.22304007411003113
587,0.9386666417121887,0.22302106022834778
588,0.9390333294868469,0.22288639843463898
589,0.93913334608078,0.22290074825286865
590,0.9387999773025513,0.22298288345336914
591,0.9388166666030884,0.222892165184021
592,0.9387999773025513,0.22297239303588867
593,0.9386000037193298,0.22283737361431122
594,0.938966691493988,0.22287970781326294
595,0.9387833476066589,0.22285246849060059
596,0.9389333128929138,0.22283422946929932
597,0.9388166666030884,0.22288067638874054
598,0.9388833045959473,0.22280634939670563
599,0.938966691493988,0.2228163629770279
600,0.9386666417121887,0.22280792891979218
601,0.9387000203132629,0.22282859683036804
602,0.9390333294868469,0.2227683663368225
603,0.9390833377838135,0.2227785587310791
604,0.9389333128929138,0.22280803322792053
605,0.9388166666030884,0.22273136675357819
606,0.9388166666030884,0.2226717472076416
607,0.9387833476066589,0.22271522879600525
608,0.9391000270843506,0.22272714972496033
609,0.9387999773025513,0.2227693647146225
610,0.9388666749000549,0.22270077466964722
611,0.93913334608078,0.22263574600219727
612,0.9394166469573975,0.2226395457983017
613,0.93913334608078,0.22269737720489502
614,0.9390000104904175,0.22258199751377106
615,0.9388833045959473,0.22259661555290222
616,0.9392333626747131,0.22258184850215912
617,0.9391166567802429,0.22247810661792755
618,0.939300000667572,0.22255590558052063
619,0.9390666484832764,0.222511425614357
620,0.9390333294868469,0.22257813811302185
621,0.93913334608078,0.22250543534755707
622,0.939050018787384,0.22252629697322845
623,0.9387000203132629,0.22254125773906708
624,0.9388999938964844,0.22245371341705322
625,0.9392833113670349,0.22248126566410065
626,0.9388333559036255,0.22247426211833954
627,0.9390666484832764,0.2224321961402893
628,0.93913334608078,0.22244922816753387
629,0.9390166401863098,0.22242371737957
630,0.9390166401863098,0.22247500717639923
631,0.93913334608078,0.22236484289169312
632,0.9390000104904175,0.22240130603313446
633,0.9389833211898804,0.2224167138338089
634,0.939050018787384,0.22241054475307465
635,0.9388333559036255,0.22237122058868408
636,0.9385833144187927,0.22238019108772278
637,0.9392499923706055,0.22225874662399292
638,0.9388999938964844,0.22235068678855896
639,0.939383327960968,0.2223336547613144
640,0.939216673374176,0.22230201959609985
641,0.9390666484832764,0.2222054898738861
642,0.9390000104904175,0.2222827970981598
643,0.9388666749000549,0.2222505807876587
644,0.9388499855995178,0.2223183810710907
645,0.9391000270843506,0.22222265601158142
646,0.9390333294868469,0.22228027880191803
647,0.9392499923706055,0.22221118211746216
648,0.939216673374176,0.22218424081802368
649,0.9391166567802429,0.22216247022151947
650,0.9391833543777466,0.22219307720661163
651,0.9389333128929138,0.22211134433746338
652,0.938966691493988,0.22201699018478394
653,0.9391499757766724,0.22211293876171112
654,0.9393666386604309,0.222091943025589
655,0.93913334608078,0.22216124832630157
656,0.9390000104904175,0.2220851331949234
657,0.939216673374176,0.22208324074745178
658,0.9388499855995178,0.22204703092575073
659,0.9390666484832764,0.22205540537834167
660,0.9391833543777466,0.22205248475074768
661,0.9389500021934509,0.2220957726240158
662,0.9391499757766724,0.2219848334789276
663,0.939300000667572,0.22197364270687103
664,0.9391499757766724,0.22201648354530334
665,0.9393666386604309,0.22204241156578064
666,0.939050018787384,0.2219526171684265
667,0.9390166401863098,0.22198978066444397
668,0.93913334608078,0.22194793820381165
669,0.9391666650772095,0.2219497412443161
670,0.9392499923706055,0.22192330658435822
671,0.9391833543777466,0.22200436890125275
672,0.9389166831970215,0.2218964546918869
673,0.9390166401863098,0.2219371795654297
674,0.9394000172615051,0.22184856235980988
675,0.9388333559036255,0.2218412458896637
676,0.939216673374176,0.22185274958610535
677,0.9389833211898804,0.22187358140945435
678,0.9388666749000549,0.2219056338071823
679,0.9393333196640015,0.2218489795923233
680,0.9394166469573975,0.22181622684001923
681,0.9393333196640015,0.221772700548172
682,0.939383327960968,0.22177065908908844
683,0.9391666650772095,0.22180595993995667
684,0.9389333128929138,0.2218020111322403
685,0.9391166567802429,0.2217719405889511
686,0.9391499757766724,0.22177955508232117
687,0.9388999938964844,0.22176523506641388
688,0.9392499923706055,0.22172674536705017
689,0.9390333294868469,0.22169183194637299
690,0.9395666718482971,0.2216145396232605
691,0.9392333626747131,0.22173279523849487
692,0.9390000104904175,0.2216528058052063
693,0.9393333196640015,0.22166797518730164
694,0.9390166401863098,0.22164490818977356
695,0.9393666386604309,0.22172649204730988
696,0.9394000172615051,0.221605122089386
697,0.9391833543777466,0.22157610952854156
698,0.9390666484832764,0.22164882719516754
699,0.9391666650772095,0.22165118157863617
700,0.939216673374176,0.22157840430736542
701,0.939466655254364,0.22162234783172607
702,0.9391000270843506,0.2216014415025711
703,0.939216673374176,0.22151760756969452
704,0.939383327960968,0.22158996760845184
705,0.9394000172615051,0.2215479612350464
706,0.9392833113670349,0.22151044011116028
707,0.9393500089645386,0.22151508927345276
708,0.9392333626747131,0.22154352068901062
709,0.9395166635513306,0.2214673012495041
710,0.9394000172615051,0.22151993215084076
711,0.9392333626747131,0.22151559591293335
712,0.9393666386604309,0.22148390114307404
713,0.9390666484832764,0.2214440107345581
714,0.9391666650772095,0.22143039107322693
715,0.9392833113670349,0.22146622836589813
716,0.9393333196640015,0.22144247591495514
717,0.9392833113670349,0.22143112123012543
718,0.93913334608078,0.22126679122447968
719,0.9396166801452637,0.22137506306171417
720,0.9391666650772095,0.2214249074459076
721,0.9392666816711426,0.22136333584785461
722,0.9393333196640015,0.22133494913578033
723,0.9393333196640015,0.22136837244033813
724,0.9394000172615051,0.22131770849227905
725,0.9389833211898804,0.22132498025894165
726,0.9394333362579346,0.2213478833436966
727,0.9392333626747131,0.2212662547826767
728,0.9394333362579346,0.22126519680023193
729,0.939300000667572,0.22123375535011292
730,0.9390833377838135,0.2212803214788437
731,0.9392333626747131,0.22128388285636902
732,0.9392666816711426,0.22126662731170654
733,0.9394833445549011,0.22120922803878784
734,0.9394500255584717,0.2211921066045761
735,0.9391999840736389,0.2211829423904419
736,0.9395999908447266,0.22127023339271545
737,0.9393666386604309,0.221138134598732
738,0.9392333626747131,0.22123271226882935
739,0.939466655254364,0.22119997441768646
740,0.9394500255584717,0.2211456149816513
741,0.9393333196640015,0.22118856012821198
742,0.9392499923706055,0.22110097110271454
743,0.9391999840736389,0.2211480736732483
744,0.9392833113670349,0.22113609313964844
745,0.939300000667572,0.2211054265499115
746,0.9392833113670349,0.22111889719963074
747,0.9393166899681091,0.22105488181114197
748,0.939466655254364,0.2210657000541687
749,0.9393666386604309,0.22102729976177216
750,0.9393333196640015,0.2211248278617859
751,0.9394333362579346,0.22106532752513885
752,0.9395999908447266,0.2210279107093811
753,0.9391999840736389,0.22112742066383362
754,0.9396666884422302,0.22097338736057281
755,0.939466655254364,0.2209807187318802
756,0.939300000667572,0.22100616991519928
757,0.9395333528518677,0.22099065780639648
758,0.9394166469573975,0.22100701928138733
759,0.9394833445549011,0.22102704644203186
760,0.9394500255584717,0.22103528678417206
761,0.9395166635513306,0.220900759100914
762,0.9392499923706055,0.22091634571552277
763,0.939300000667572,0.2208782285451889
764,0.9396499991416931,0.22095926105976105
765,0.9394166469573975,0.22089800238609314
766,0.939050018787384,0.2209506779909134
767,0.9391666650772095,0.22087863087654114
768,0.9391666650772095,0.2209152728319168
769,0.9391499757766724,0.22082459926605225
770,0.9395666718482971,0.220871239900589
771,0.9394500255584717,0.22086553275585175
772,0.9395166635513306,0.22089748084545135
773,0.9392499923706055,0.22087372839450836
774,0.939633309841156,0.22087495028972626
775,0.9393666386604309,0.22085393965244293
776,0.9395333528518677,0.2208063155412674
777,0.9394500255584717,0.22079382836818695
778,0.9395333528518677,0.2207646518945694
779,0.9395666718482971,0.220767080783844
780,0.939633309841156,0.2207494080066681
781,0.9394999742507935,0.2207237333059311
782,0.9395833611488342,0.2208411693572998
783,0.9391999840736389,0.22070224583148956
784,0.93954998254776,0.22071871161460876
785,0.9394166469573975,0.22076255083084106
786,0.9394833445549011,0.22071075439453125
787,0.9391166567802429,0.2206760197877884
788,0.9392666816711426,0.2207079976797104
789,0.9393666386604309,0.22071710228919983
790,0.939300000667572,0.22064082324504852
791,0.9396499991416931,0.22068439424037933
792,0.9395333528518677,0.2206757664680481
793,0.9391999840736389,0.2206389456987381
794,0.9397666454315186,0.22064371407032013
795,0.939383327960968,0.2205783575773239
796,0.9397666454315186,0.22067490220069885
797,0.9394166469573975,0.22058331966400146
798,0.9396666884422302,0.22063809633255005
799,0.9394166469573975,0.22053882479667664
800,0.9396666884422302,0.2206452637910843
801,0.9394833445549011,0.22057966887950897
802,0.939383327960968,0.220615416765213
803,0.9398833513259888,0.22043846547603607
804,0.9393333196640015,0.22053416073322296
805,0.9395666718482971,0.22055329382419586
806,0.9393500089645386,0.22049205005168915
807,0.9394166469573975,0.22052526473999023
808,0.9393166899681091,0.22042042016983032
809,0.9395166635513306,0.2204332798719406
810,0.9394166469573975,0.22053726017475128
811,0.93954998254776,0.22050385177135468
812,0.9397333264350891,0.2205243557691574
813,0.9394000172615051,0.22048631310462952
814,0.9397833347320557,0.22046640515327454
815,0.9396666884422302,0.22047199308872223
816,0.9395999908447266,0.22039659321308136
817,0.9394333362579346,0.22039255499839783
818,0.9397666454315186,0.22034209966659546
819,0.9394500255584717,0.22041623294353485
820,0.9395833611488342,0.2203986495733261
821,0.939216673374176,0.2204345166683197
822,0.9397666454315186,0.2203613817691803
823,0.9394333362579346,0.22038574516773224
824,0.9395999908447266,0.2203633040189743
825,0.9397000074386597,0.2203671932220459
826,0.9397500157356262,0.22034256160259247
827,0.9394500255584717,0.22033639252185822
828,0.939383327960968,0.22036132216453552
829,0.9398000240325928,0.22029931843280792
830,0.9394833445549011,0.22031143307685852
831,0.939633309841156,0.22036071121692657
832,0.9394333362579346,0.2202867716550827
833,0.9398000240325928,0.22027695178985596
834,0.939383327960968,0.22023066878318787
835,0.9396499991416931,0.22020310163497925
836,0.939466655254364,0.22028489410877228
837,0.9394833445549011,0.2201925814151764
838,0.9395999908447266,0.2202514111995697
839,0.9398333430290222,0.22030743956565857
840,0.9396499991416931,0.22015871107578278
841,0.9393500089645386,0.22022771835327148
842,0.939633309841156,0.22018831968307495
843,0.9397666454315186,0.22022013366222382
844,0.9396499991416931,0.22018927335739136
845,0.9394000172615051,0.2201932817697525
846,0.9395999908447266,0.2202262580394745
847,0.9397000074386597,0.22017352283000946
848,0.9396666884422302,0.22018826007843018
849,0.9395999908447266,0.22011269629001617
850,0.9394500255584717,0.22016602754592896
851,0.9394500255584717,0.22014598548412323
852,0.9394000172615051,0.22006726264953613
853,0.9394000172615051,0.22010396420955658
854,0.9394999742507935,0.2201852649450302
855,0.9399333596229553,0.22001443803310394
856,0.9396833181381226,0.22010082006454468
857,0.9394833445549011,0.22001628577709198
858,0.9395666718482971,0.2200859934091568
859,0.9394166469573975,0.2200186550617218
860,0.939633309841156,0.22005632519721985
861,0.9395166635513306,0.21999770402908325
862,0.9393666386604309,0.22002722322940826
863,0.9395999908447266,0.2200404852628708
864,0.9397500157356262,0.22004060447216034
865,0.9398666620254517,0.21995434165000916
866,0.9394500255584717,0.2199806421995163
867,0.9396666884422302,0.21999624371528625
868,0.93954998254776,0.2200213372707367
869,0.9397333264350891,0.21995137631893158
870,0.939466655254364,0.2199709117412567
871,0.9395666718482971,0.22000020742416382
872,0.939633309841156,0.21985547244548798
873,0.9396499991416931,0.21996155381202698
874,0.93954998254776,0.21995683014392853
875,0.9398999810218811,0.21987274289131165
876,0.9397000074386597,0.2199191153049469
877,0.9394000172615051,0.21991191804409027
878,0.9397000074386597,0.21987149119377136
879,0.9396499991416931,0.21990419924259186
880,0.9395999908447266,0.21992041170597076
881,0.9396833181381226,0.21988509595394135
882,0.9398000240325928,0.2198406308889389
883,0.9398000240325928,0.2198673039674759
884,0.9398999810218811,0.21980777382850647
885,0.9398999810218811,0.21976520121097565
886,0.9396666884422302,0.21987462043762207
887,0.9397000074386597,0.219883531332016
888,0.9395666718482971,0.21982167661190033
889,0.9394166469573975,0.21983754634857178
890,0.9394999742507935,0.21972998976707458
891,0.9399166703224182,0.21979981660842896
892,0.9396499991416931,0.21974174678325653
893,0.9398166537284851,0.21974903345108032
894,0.9398499727249146,0.21974854171276093
895,0.9394166469573975,0.21976782381534576
896,0.9395833611488342,0.2197841852903366
897,0.9401166439056396,0.21972490847110748
898,0.9396166801452637,0.21974681317806244
899,0.9398499727249146,0.2196851223707199
900,0.9395833611488342,0.2197043001651764
901,0.939466655254364,0.21973872184753418
902,0.9396833181381226,0.2197040468454361
903,0.9398166537284851,0.21970029175281525
904,0.9396833181381226,0.21973218023777008
905,0.9396833181381226,0.21959850192070007
906,0.9396666884422302,0.2196207493543625
907,0.9397333264350891,0.21965861320495605
908,0.939633309841156,0.2196759432554245
909,0.9397000074386597,0.21964016556739807
910,0.9398000240325928,0.21961916983127594
911,0.9398333430290222,0.21964986622333527
912,0.9395333528518677,0.21961066126823425
913,0.9398000240325928,0.2196142077445984
914,0.9398666620254517,0.21964146196842194
915,0.9399499893188477,0.21961160004138947
916,0.9399499893188477,0.21949826180934906
917,0.9398999810218811,0.21959377825260162
918,0.9399333596229553,0.21950079500675201
919,0.9396499991416931,0.2195858210325241
920,0.9398666620254517,0.2195819467306137
921,0.9398166537284851,0.2194744199514389
922,0.9397833347320557,0.21959373354911804
923,0.9398000240325928,0.21953871846199036
924,0.9399666786193848,0.21958604454994202
925,0.9397500157356262,0.21951700747013092
926,0.939633309841156,0.21951746940612793
927,0.9396499991416931,0.21952132880687714
928,0.9398333430290222,0.21939964592456818
929,0.9399833083152771,0.21949350833892822
930,0.9397666454315186,0.21945789456367493
931,0.9398000240325928,0.21946385502815247
932,0.9395999908447266,0.21940170228481293
933,0.9397833347320557,0.2194923609495163
934,0.9398000240325928,0.21946032345294952
935,0.939633309841156,0.21942247450351715
936,0.9397000074386597,0.21945327520370483
937,0.9394500255584717,0.2194385528564453
938,0.9399833083152771,0.21938058733940125
939,0.9398833513259888,0.21930471062660217
940,0.9396166801452637,0.21937060356140137
941,0.9397333264350891,0.21942152082920074
942,0.9397333264350891,0.2194034457206726
943,0.9396499991416931,0.21943813562393188
944,0.9398333430290222,0.21937093138694763
945,0.9397500157356262,0.21937647461891174
946,0.9398833513259888,0.2193743884563446
947,0.9397333264350891,0.21938379108905792
948,0.9398333430290222,0.2193726748228073
949,0.9401833415031433,0.2193184345960617
950,0.9399999976158142,0.2193712592124939
951,0.9398000240325928,0.21928580105304718
952,0.9396499991416931,0.21932411193847656
953,0.9401000142097473,0.21931101381778717
954,0.9400166869163513,0.21927769482135773
955,0.9398666620254517,0.2192593812942505
956,0.9395833611488342,0.2192636877298355
957,0.9400500059127808,0.21929821372032166
958,0.9394999742507935,0.21931162476539612
959,0.9397833347320557,0.21921443939208984
960,0.9397833347320557,0.21917688846588135
961,0.9400333166122437,0.21922875940799713
962,0.9393666386604309,0.2191907912492752
963,0.9397500157356262,0.2192043513059616
964,0.9400500059127808,0.21921218931674957
965,0.9398666620254517,0.21928800642490387
966,0.9397333264350891,0.2192251831293106
967,0.9396833181381226,0.2192433625459671
968,0.9402333498001099,0.2191784679889679
969,0.9397833347320557,0.21918785572052002
970,0.9398833513259888,0.219209223985672
971,0.9399833083152771,0.21914739906787872
972,0.9397666454315186,0.21913176774978638
973,0.9398999810218811,0.2191496044397354
974,0.9399999976158142,0.21915990114212036
975,0.9399499893188477,0.21912845969200134
976,0.9399499893188477,0.21912379562854767
977,0.9397500157356262,0.21911656856536865
978,0.9400166869163513,0.21916325390338898
979,0.9399499893188477,0.21904152631759644
980,0.9396499991416931,0.2191479206085205
981,0.9400500059127808,0.2190525233745575
982,0.9398333430290222,0.21914808452129364
983,0.9398000240325928,0.2190835326910019
984,0.9397666454315186,0.21910473704338074
985,0.9397333264350891,0.2190781533718109
986,0.9397833347320557,0.2190537452697754
987,0.9398333430290222,0.2190214842557907
988,0.9397833347320557,0.2190331071615219
989,0.939216673374176,0.21906057000160217
990,0.9400166869163513,0.21901440620422363
991,0.9398000240325928,0.2190120369195938
992,0.9397000074386597,0.2189864218235016
993,0.9400666952133179,0.2190280258655548
994,0.9399499893188477,0.2189914733171463
995,0.9395666718482971,0.21900838613510132
996,0.9399499893188477,0.21898698806762695
997,0.9397000074386597,0.21898098289966583
998,0.9399166703224182,0.21898159384727478
999,0.9396499991416931,0.21897520124912262
